{"parent": "minecraft:end/kill_dragon", "display": {"icon": {"item": "minecraft:lodestone"}, "title": {"translate": "advancements.adventure.whos_the_pillager_now.title"}, "description": {"text": "entity:endermite, entity:endermite, entity:endermite"}, "frame": "challenge", "show_toast": true, "announce_to_chat": true, "hidden": false}, "criteria": {"minecraft:endermite": {"trigger": "minecraft:player_killed_entity", "conditions": {"entity": [{"condition": "minecraft:entity_properties", "predicate": {"type": "minecraft:endermite"}, "entity": "this"}]}}}, "rewards": {}}