{"parent": "minecraft:end/enter_end_gateway", "display": {"icon": {"item": "minecraft:diamond_boots", "nbt": "{Damage:0}"}, "title": {"translate": "advancements.nether.find_bastion.title"}, "description": {"text": "biome:minecraft:jungle_hills, biome:minecraft:jungle_hills"}, "frame": "task", "show_toast": true, "announce_to_chat": true, "hidden": false}, "criteria": {"minecraft:jungle_hills": {"trigger": "minecraft:location", "conditions": {"location": {"biome": "minecraft:jungle_hills"}}}}, "rewards": {}}