{"parent": "minecraft:end/find_end_city", "display": {"icon": {"item": "minecraft:pufferfish_bucket"}, "title": {"translate": "advancements.story.form_obsidian.title"}, "description": {"text": "entity:blaze, entity:blaze, entity:blaze"}, "frame": "challenge", "show_toast": true, "announce_to_chat": true, "hidden": false}, "rewards": {}, "criteria": {"minecraft:blaze": {"trigger": "minecraft:player_killed_entity", "conditions": {"entity": [{"condition": "minecraft:entity_properties", "predicate": {"type": "minecraft:blaze"}, "entity": "this"}]}}}}