{"display": {"icon": {"item": "minecraft:map"}, "title": {"translate": "advancements.story.cure_zombie_villager.title"}, "description": {"text": "cat:black, biome:minecraft:snowy_taiga, biome:minecraft:snowy_taiga, entity:husk, entity:husk, entity:husk, entity:endermite, entity:endermite, entity:endermite, to:minecraft:the_end, entity:piglin, entity:piglin, entity:piglin, entity:drowned, entity:drowned, entity:drowned, item:{'item': 'minecraft:baked_potato'}, block:minecraft:wheat, child:[{'condition': 'minecraft:entity_properties', 'predicate': {'type': 'minecraft:mule'}, 'entity': 'this'}], item:{'item': 'minecraft:cooked_salmon'}, entity:slime, entity:slime, entity:slime, item:{'item': 'minecraft:cooked_beef'}, entity:wither, entity:wither, entity:wither, item:{'item': 'minecraft:salmon'}, item:{'item': 'minecraft:cod_bucket'}, entity:silverfish, entity:silverfish, entity:silverfish, villager_trade, item:{'item': 'minecraft:chorus_fruit'}, biome:minecraft:soul_sand_valley, biome:minecraft:soul_sand_valley, item:{'item': 'minecraft:cod'}, item:{'item': 'minecraft:spider_eye'}, distance horizontal min:7000.0, biome:minecraft:deep_lukewarm_ocean, biome:minecraft:deep_lukewarm_ocean, entity:spider, entity:spider, entity:spider, entity:zombie, entity:zombie, entity:zombie, child:[{'condition': 'minecraft:entity_properties', 'predicate': {'type': 'minecraft:ocelot'}, 'entity': 'this'}], item:{'item': 'minecraft:salmon'}, biome:minecraft:giant_tree_taiga, biome:minecraft:giant_tree_taiga, entity:magma_cube, entity:magma_cube, entity:magma_cube, biome:minecraft:dark_forest, biome:minecraft:dark_forest, biome:minecraft:swamp, biome:minecraft:swamp, item:{'item': 'minecraft:cooked_cod'}, entity:evoker, entity:evoker, entity:evoker, entity:cave_spider, entity:cave_spider, entity:cave_spider, item:{'item': 'minecraft:tropical_fish_bucket'}, child:[{'condition': 'minecraft:entity_properties', 'predicate': {'type': 'minecraft:fox'}, 'entity': 'this'}], child:[{'condition': 'minecraft:entity_properties', 'predicate': {'type': 'minecraft:donkey'}, 'entity': 'this'}]"}, "frame": "goal", "show_toast": true, "announce_to_chat": true, "hidden": false, "background": "minecraft:textures/gui/advancements/backgrounds/end.png"}, "criteria": {"textures/entity/cat/black.png": {"trigger": "minecraft:tame_animal", "conditions": {"entity": [{"condition": "minecraft:entity_properties", "predicate": {"catType": "minecraft:textures/entity/cat/black.png"}, "entity": "this"}]}}, "minecraft:snowy_taiga": {"trigger": "minecraft:location", "conditions": {"location": {"biome": "minecraft:snowy_taiga"}}}, "diamond_helmet": {"trigger": "minecraft:inventory_changed", "conditions": {"items": [{"item": "minecraft:diamond_helmet"}]}}, "minecraft:husk": {"trigger": "minecraft:player_killed_entity", "conditions": {"entity": [{"condition": "minecraft:entity_properties", "predicate": {"type": "minecraft:husk"}, "entity": "this"}]}}, "minecraft:endermite": {"trigger": "minecraft:player_killed_entity", "conditions": {"entity": [{"condition": "minecraft:entity_properties", "predicate": {"type": "minecraft:endermite"}, "entity": "this"}]}}, "netherite_hoe": {"trigger": "minecraft:inventory_changed", "conditions": {"items": [{"item": "minecraft:netherite_hoe"}]}}, "entered_end": {"trigger": "minecraft:changed_dimension", "conditions": {"to": "minecraft:the_end"}}, "minecraft:piglin": {"trigger": "minecraft:player_killed_entity", "conditions": {"entity": [{"condition": "minecraft:entity_properties", "predicate": {"type": "minecraft:piglin"}, "entity": "this"}]}}, "minecraft:drowned": {"trigger": "minecraft:player_killed_entity", "conditions": {"entity": [{"condition": "minecraft:entity_properties", "predicate": {"type": "minecraft:drowned"}, "entity": "this"}]}}, "baked_potato": {"trigger": "minecraft:consume_item", "conditions": {"item": {"item": "minecraft:baked_potato"}}}, "wheat": {"trigger": "minecraft:placed_block", "conditions": {"block": "minecraft:wheat"}}, "minecraft:mule": {"trigger": "minecraft:bred_animals", "conditions": {"child": [{"condition": "minecraft:entity_properties", "predicate": {"type": "minecraft:mule"}, "entity": "this"}]}}, "cooked_salmon": {"trigger": "minecraft:consume_item", "conditions": {"item": {"item": "minecraft:cooked_salmon"}}}, "minecraft:slime": {"trigger": "minecraft:player_killed_entity", "conditions": {"entity": [{"condition": "minecraft:entity_properties", "predicate": {"type": "minecraft:slime"}, "entity": "this"}]}}, "cooked_beef": {"trigger": "minecraft:consume_item", "conditions": {"item": {"item": "minecraft:cooked_beef"}}}, "summoned": {"trigger": "minecraft:summoned_entity", "conditions": {"entity": [{"condition": "minecraft:entity_properties", "predicate": {"type": "minecraft:wither"}, "entity": "this"}]}}, "salmon": {"trigger": "minecraft:fishing_rod_hooked", "conditions": {"item": {"item": "minecraft:salmon"}}}, "cod_bucket": {"trigger": "minecraft:filled_bucket", "conditions": {"item": {"item": "minecraft:cod_bucket"}}}, "wither_skull": {"trigger": "minecraft:inventory_changed", "conditions": {"items": [{"item": "minecraft:wither_skeleton_skull"}]}}, "minecraft:silverfish": {"trigger": "minecraft:player_killed_entity", "conditions": {"entity": [{"condition": "minecraft:entity_properties", "predicate": {"type": "minecraft:silverfish"}, "entity": "this"}]}}, "traded": {"trigger": "minecraft:villager_trade", "conditions": {}}, "chorus_fruit": {"trigger": "minecraft:consume_item", "conditions": {"item": {"item": "minecraft:chorus_fruit"}}}, "minecraft:soul_sand_valley": {"trigger": "minecraft:location", "conditions": {"location": {"biome": "minecraft:soul_sand_valley"}}}, "cod": {"trigger": "minecraft:fishing_rod_hooked", "conditions": {"item": {"item": "minecraft:cod"}}}, "spider_eye": {"trigger": "minecraft:consume_item", "conditions": {"item": {"item": "minecraft:spider_eye"}}}, "travelled": {"trigger": "minecraft:nether_travel", "conditions": {"distance": {"horizontal": {"min": 7000.0}}}}, "minecraft:deep_lukewarm_ocean": {"trigger": "minecraft:location", "conditions": {"location": {"biome": "minecraft:deep_lukewarm_ocean"}}}, "minecraft:spider": {"trigger": "minecraft:player_killed_entity", "conditions": {"entity": [{"condition": "minecraft:entity_properties", "predicate": {"type": "minecraft:spider"}, "entity": "this"}]}}, "minecraft:zombie": {"trigger": "minecraft:player_killed_entity", "conditions": {"entity": [{"condition": "minecraft:entity_properties", "predicate": {"type": "minecraft:zombie"}, "entity": "this"}]}}, "minecraft:ocelot": {"trigger": "minecraft:bred_animals", "conditions": {"child": [{"condition": "minecraft:entity_properties", "predicate": {"type": "minecraft:ocelot"}, "entity": "this"}]}}, "minecraft:giant_tree_taiga": {"trigger": "minecraft:location", "conditions": {"location": {"biome": "minecraft:giant_tree_taiga"}}}, "minecraft:magma_cube": {"trigger": "minecraft:player_killed_entity", "conditions": {"entity": [{"condition": "minecraft:entity_properties", "predicate": {"type": "minecraft:magma_cube"}, "entity": "this"}]}}, "minecraft:dark_forest": {"trigger": "minecraft:location", "conditions": {"location": {"biome": "minecraft:dark_forest"}}}, "netherite_armor": {"trigger": "minecraft:inventory_changed", "conditions": {"items": [{"item": "minecraft:netherite_helmet"}, {"item": "minecraft:netherite_chestplate"}, {"item": "minecraft:netherite_leggings"}, {"item": "minecraft:netherite_boots"}]}}, "minecraft:swamp": {"trigger": "minecraft:location", "conditions": {"location": {"biome": "minecraft:swamp"}}}, "cooked_cod": {"trigger": "minecraft:consume_item", "conditions": {"item": {"item": "minecraft:cooked_cod"}}}, "minecraft:evoker": {"trigger": "minecraft:player_killed_entity", "conditions": {"entity": [{"condition": "minecraft:entity_properties", "predicate": {"type": "minecraft:evoker"}, "entity": "this"}]}}, "minecraft:cave_spider": {"trigger": "minecraft:player_killed_entity", "conditions": {"entity": [{"condition": "minecraft:entity_properties", "predicate": {"type": "minecraft:cave_spider"}, "entity": "this"}]}}, "tropical_fish_bucket": {"trigger": "minecraft:filled_bucket", "conditions": {"item": {"item": "minecraft:tropical_fish_bucket"}}}, "minecraft:fox": {"trigger": "minecraft:bred_animals", "conditions": {"child": [{"condition": "minecraft:entity_properties", "predicate": {"type": "minecraft:fox"}, "entity": "this"}]}}, "minecraft:donkey": {"trigger": "minecraft:bred_animals", "conditions": {"child": [{"condition": "minecraft:entity_properties", "predicate": {"type": "minecraft:donkey"}, "entity": "this"}]}}}, "rewards": {"experience": 100}}