{"type": "minecraft:chest", "pools": [{"rolls": {"min": 1.0, "max": 3.0, "type": "minecraft:uniform"}, "entries": [{"type": "minecraft:item", "weight": 20, "name": "minecraft:saddle"}, {"type": "minecraft:item", "weight": 15, "name": "minecraft:golden_apple"}, {"type": "minecraft:item", "weight": 2, "name": "minecraft:enchanted_golden_apple"}, {"type": "minecraft:item", "weight": 15, "name": "minecraft:music_disc_13"}, {"type": "minecraft:item", "weight": 15, "name": "minecraft:music_disc_cat"}, {"type": "minecraft:item", "weight": 20, "name": "minecraft:name_tag"}, {"type": "minecraft:item", "weight": 10, "name": "minecraft:golden_horse_armor"}, {"type": "minecraft:item", "weight": 15, "name": "minecraft:iron_horse_armor"}, {"type": "minecraft:item", "weight": 5, "name": "minecraft:diamond_horse_armor"}, {"type": "minecraft:item", "weight": 10, "functions": [{"function": "minecraft:enchant_randomly"}], "name": "minecraft:book"}]}, {"rolls": {"min": 1.0, "max": 4.0, "type": "minecraft:uniform"}, "entries": [{"type": "minecraft:item", "weight": 10, "functions": [{"function": "minecraft:set_count", "count": {"min": 1, "max": 4.0, "type": "minecraft:uniform"}}], "name": "minecraft:iron_ingot"}, {"type": "minecraft:item", "weight": 5, "functions": [{"function": "minecraft:set_count", "count": {"min": 1, "max": 4.0, "type": "minecraft:uniform"}}], "name": "minecraft:gold_ingot"}, {"type": "minecraft:item", "weight": 20, "name": "minecraft:bread"}, {"type": "minecraft:item", "weight": 20, "functions": [{"function": "minecraft:set_count", "count": {"min": 1, "max": 4.0, "type": "minecraft:uniform"}}], "name": "minecraft:wheat"}, {"type": "minecraft:item", "weight": 10, "name": "minecraft:bucket"}, {"type": "minecraft:item", "weight": 15, "functions": [{"function": "minecraft:set_count", "count": {"min": 1, "max": 4.0, "type": "minecraft:uniform"}}], "name": "minecraft:redstone"}, {"type": "minecraft:item", "weight": 15, "functions": [{"function": "minecraft:set_count", "count": {"min": 1, "max": 4.0, "type": "minecraft:uniform"}}], "name": "minecraft:coal"}, {"type": "minecraft:item", "weight": 10, "functions": [{"function": "minecraft:set_count", "count": {"min": 2.0, "max": 4.0, "type": "minecraft:uniform"}}], "name": "minecraft:melon_seeds"}, {"type": "minecraft:item", "weight": 10, "functions": [{"function": "minecraft:set_count", "count": {"min": 2.0, "max": 4.0, "type": "minecraft:uniform"}}], "name": "minecraft:pumpkin_seeds"}, {"type": "minecraft:item", "weight": 10, "functions": [{"function": "minecraft:set_count", "count": {"min": 2.0, "max": 4.0, "type": "minecraft:uniform"}}], "name": "minecraft:beetroot_seeds"}]}, {"rolls": 3, "entries": [{"type": "minecraft:item", "weight": 10, "functions": [{"function": "minecraft:set_count", "count": {"min": 1, "max": 8.0, "type": "minecraft:uniform"}}], "name": "minecraft:bone"}, {"type": "minecraft:item", "weight": 10, "functions": [{"function": "minecraft:set_count", "count": {"min": 1, "max": 8.0, "type": "minecraft:uniform"}}], "name": "minecraft:gunpowder"}, {"type": "minecraft:item", "weight": 10, "functions": [{"function": "minecraft:set_count", "count": {"min": 1, "max": 8.0, "type": "minecraft:uniform"}}], "name": "minecraft:rotten_flesh"}, {"type": "minecraft:item", "weight": 10, "functions": [{"function": "minecraft:set_count", "count": {"min": 1, "max": 8.0, "type": "minecraft:uniform"}}], "name": "minecraft:string"}]}]}