{"type": "minecraft:block", "pools": [{"rolls": 1, "entries": [{"type": "minecraft:alternatives", "children": [{"type": "minecraft:item", "conditions": [{"condition": "minecraft:alternative", "terms": [{"condition": "minecraft:match_tool", "predicate": {"item": "minecraft:shears"}}, {"condition": "minecraft:match_tool", "predicate": {"enchantments": [{"enchantment": "minecraft:silk_touch", "levels": {"min": 1}}]}}]}], "name": "minecraft:jungle_leaves"}, {"type": "minecraft:item", "conditions": [{"condition": "minecraft:survives_explosion"}, {"condition": "minecraft:table_bonus", "enchantment": "minecraft:fortune", "chances": [0.025, 0.027777778, 0.03125, 0.041666668, 0.1]}], "name": "minecraft:jungle_sapling"}]}]}, {"rolls": 1, "entries": [{"type": "minecraft:item", "conditions": [{"condition": "minecraft:table_bonus", "enchantment": "minecraft:fortune", "chances": [0.02, 0.022222223, 0.025, 0.033333335, 0.1]}], "functions": [{"function": "minecraft:set_count", "count": {"min": 1, "max": 2.0, "type": "minecraft:uniform"}}, {"function": "minecraft:explosion_decay"}], "name": "minecraft:stick"}]}]}