{"type": "minecraft:chest", "pools": [{"rolls": 1, "entries": [{"type": "minecraft:item", "weight": 12, "functions": [{"function": "minecraft:set_damage", "damage": {"min": 0.1, "max": 0.5}}, {"function": "minecraft:enchant_randomly"}], "name": "minecraft:crossbow"}, {"type": "minecraft:item", "weight": 2, "functions": [{"function": "minecraft:set_count", "count": 1}], "name": "minecraft:ancient_debris"}, {"type": "minecraft:item", "weight": 2, "functions": [{"function": "minecraft:set_count", "count": 1}], "name": "minecraft:netherite_scrap"}, {"type": "minecraft:item", "weight": 16, "functions": [{"function": "minecraft:set_count", "count": {"min": 2.0, "max": 15.0, "type": "minecraft:uniform"}}], "name": "minecraft:spectral_arrow"}, {"type": "minecraft:item", "weight": 5, "functions": [{"function": "minecraft:set_count", "count": 1}], "name": "minecraft:piglin_banner_pattern"}, {"type": "minecraft:item", "weight": 3, "functions": [{"function": "minecraft:set_count", "count": 1}], "name": "minecraft:music_disc_pigstep"}, {"type": "minecraft:item", "weight": 10, "functions": [{"function": "minecraft:enchant_randomly", "enchantments": ["minecraft:soul_speed"]}], "name": "minecraft:book"}, {"type": "minecraft:empty", "weight": 50}]}, {"rolls": 2, "entries": [{"type": "minecraft:item", "functions": [{"function": "minecraft:set_count", "count": 1}, {"function": "minecraft:enchant_randomly", "enchantments": ["minecraft:soul_speed"]}], "name": "minecraft:golden_boots"}, {"type": "minecraft:item", "functions": [{"function": "minecraft:set_count", "count": 1}], "name": "minecraft:gold_block"}, {"type": "minecraft:item", "functions": [{"function": "minecraft:set_count", "count": 1}], "name": "minecraft:crossbow"}, {"type": "minecraft:item", "functions": [{"function": "minecraft:set_count", "count": {"min": 1, "max": 6.0, "type": "minecraft:uniform"}}], "name": "minecraft:gold_ingot"}, {"type": "minecraft:item", "functions": [{"function": "minecraft:set_count", "count": {"min": 1, "max": 6.0, "type": "minecraft:uniform"}}], "name": "minecraft:iron_ingot"}, {"type": "minecraft:item", "functions": [{"function": "minecraft:set_count", "count": 1}], "name": "minecraft:golden_sword"}, {"type": "minecraft:item", "functions": [{"function": "minecraft:set_count", "count": 1}], "name": "minecraft:golden_chestplate"}, {"type": "minecraft:item", "functions": [{"function": "minecraft:set_count", "count": 1}], "name": "minecraft:golden_helmet"}, {"type": "minecraft:item", "functions": [{"function": "minecraft:set_count", "count": 1}], "name": "minecraft:golden_leggings"}, {"type": "minecraft:item", "functions": [{"function": "minecraft:set_count", "count": 1}], "name": "minecraft:golden_boots"}, {"type": "minecraft:empty", "weight": 2}]}, {"rolls": {"min": 3.0, "max": 5.0, "type": "minecraft:uniform"}, "entries": [{"type": "minecraft:item", "functions": [{"function": "minecraft:set_count", "count": {"min": 1, "max": 5.0, "type": "minecraft:uniform"}}], "name": "minecraft:crying_obsidian"}, {"type": "minecraft:item", "functions": [{"function": "minecraft:set_count", "count": {"min": 1, "max": 5.0, "type": "minecraft:uniform"}}], "name": "minecraft:gilded_blackstone"}, {"type": "minecraft:item", "functions": [{"function": "minecraft:set_count", "count": {"min": 2.0, "max": 10.0, "type": "minecraft:uniform"}}], "name": "minecraft:chain"}, {"type": "minecraft:item", "functions": [{"function": "minecraft:set_count", "count": {"min": 2.0, "max": 6.0, "type": "minecraft:uniform"}}], "name": "minecraft:magma_cream"}, {"type": "minecraft:item", "functions": [{"function": "minecraft:set_count", "count": {"min": 3.0, "max": 6.0, "type": "minecraft:uniform"}}], "name": "minecraft:bone_block"}, {"type": "minecraft:item", "functions": [{"function": "minecraft:set_count", "count": {"min": 2.0, "max": 8.0, "type": "minecraft:uniform"}}], "name": "minecraft:iron_nugget"}, {"type": "minecraft:item", "functions": [{"function": "minecraft:set_count", "count": {"min": 4.0, "max": 6.0, "type": "minecraft:uniform"}}], "name": "minecraft:obsidian"}, {"type": "minecraft:item", "functions": [{"function": "minecraft:set_count", "count": {"min": 2.0, "max": 8.0, "type": "minecraft:uniform"}}], "name": "minecraft:gold_nugget"}, {"type": "minecraft:item", "functions": [{"function": "minecraft:set_count", "count": {"min": 4.0, "max": 6.0, "type": "minecraft:uniform"}}], "name": "minecraft:string"}, {"type": "minecraft:item", "weight": 2, "functions": [{"function": "minecraft:set_count", "count": {"min": 5.0, "max": 17.0, "type": "minecraft:uniform"}}], "name": "minecraft:arrow"}]}]}