{"type": "minecraft:chest", "pools": [{"rolls": 1, "entries": [{"type": "minecraft:item", "functions": [{"function": "minecraft:set_count", "count": 1}], "name": "minecraft:lodestone"}]}, {"rolls": {"min": 1.0, "max": 2.0, "type": "minecraft:uniform"}, "entries": [{"type": "minecraft:item", "functions": [{"function": "minecraft:set_damage", "damage": {"min": 0.1, "max": 0.5}}, {"function": "minecraft:enchant_randomly"}], "name": "minecraft:crossbow"}, {"type": "minecraft:item", "functions": [{"function": "minecraft:set_count", "count": {"min": 2.0, "max": 12.0, "type": "minecraft:uniform"}}], "name": "minecraft:spectral_arrow"}, {"type": "minecraft:item", "functions": [{"function": "minecraft:set_count", "count": {"min": 5.0, "max": 8.0, "type": "minecraft:uniform"}}], "name": "minecraft:gilded_blackstone"}, {"type": "minecraft:item", "functions": [{"function": "minecraft:set_count", "count": {"min": 3.0, "max": 8.0, "type": "minecraft:uniform"}}], "name": "minecraft:crying_obsidian"}, {"type": "minecraft:item", "functions": [{"function": "minecraft:set_count", "count": 1}], "name": "minecraft:gold_block"}, {"type": "minecraft:item", "functions": [{"function": "minecraft:set_count", "count": {"min": 2.0, "max": 8.0, "type": "minecraft:uniform"}}], "name": "minecraft:gold_ingot"}, {"type": "minecraft:item", "functions": [{"function": "minecraft:set_count", "count": {"min": 2.0, "max": 8.0, "type": "minecraft:uniform"}}], "name": "minecraft:iron_ingot"}, {"type": "minecraft:item", "functions": [{"function": "minecraft:set_count", "count": 1}], "name": "minecraft:golden_sword"}, {"type": "minecraft:item", "functions": [{"function": "minecraft:set_count", "count": 1}, {"function": "minecraft:enchant_randomly"}], "name": "minecraft:golden_chestplate"}, {"type": "minecraft:item", "functions": [{"function": "minecraft:set_count", "count": 1}, {"function": "minecraft:enchant_randomly"}], "name": "minecraft:golden_helmet"}, {"type": "minecraft:item", "functions": [{"function": "minecraft:set_count", "count": 1}, {"function": "minecraft:enchant_randomly"}], "name": "minecraft:golden_leggings"}, {"type": "minecraft:item", "functions": [{"function": "minecraft:set_count", "count": 1}, {"function": "minecraft:enchant_randomly"}], "name": "minecraft:golden_boots"}]}, {"rolls": {"min": 2.0, "max": 4.0, "type": "minecraft:uniform"}, "entries": [{"type": "minecraft:item", "functions": [{"function": "minecraft:set_count", "count": {"min": 1, "max": 6.0, "type": "minecraft:uniform"}}], "name": "minecraft:string"}, {"type": "minecraft:item", "functions": [{"function": "minecraft:set_count", "count": {"min": 1, "max": 3.0, "type": "minecraft:uniform"}}], "name": "minecraft:leather"}, {"type": "minecraft:item", "functions": [{"function": "minecraft:set_count", "count": {"min": 5.0, "max": 17.0, "type": "minecraft:uniform"}}], "name": "minecraft:arrow"}, {"type": "minecraft:item", "functions": [{"function": "minecraft:set_count", "count": {"min": 2.0, "max": 6.0, "type": "minecraft:uniform"}}], "name": "minecraft:iron_nugget"}, {"type": "minecraft:item", "functions": [{"function": "minecraft:set_count", "count": {"min": 2.0, "max": 6.0, "type": "minecraft:uniform"}}], "name": "minecraft:gold_nugget"}]}]}