{"type": "minecraft:block", "pools": [{"rolls": 1, "entries": [{"type": "minecraft:alternatives", "children": [{"type": "minecraft:item", "conditions": [{"condition": "minecraft:alternative", "terms": [{"condition": "minecraft:match_tool", "predicate": {"item": "minecraft:shears"}}, {"condition": "minecraft:match_tool", "predicate": {"enchantments": [{"enchantment": "minecraft:silk_touch", "levels": {"min": 1}}]}}]}], "name": "minecraft:weeping_vines"}, {"type": "minecraft:item", "conditions": [{"condition": "minecraft:table_bonus", "enchantment": "minecraft:fortune", "chances": [0.33, 0.55, 0.77, 1.0]}], "name": "minecraft:weeping_vines"}]}]}]}