{"type": "minecraft:chest", "pools": [{"rolls": {"min": 1.0, "max": 5.0, "type": "minecraft:uniform"}, "entries": [{"type": "minecraft:item", "name": "minecraft:emerald"}, {"type": "minecraft:item", "weight": 2, "functions": [{"function": "minecraft:set_count", "count": {"min": 1, "max": 3.0, "type": "minecraft:uniform"}}], "name": "minecraft:cod"}, {"type": "minecraft:item", "functions": [{"function": "minecraft:set_count", "count": {"min": 1, "max": 3.0, "type": "minecraft:uniform"}}], "name": "minecraft:salmon"}, {"type": "minecraft:item", "functions": [{"function": "minecraft:set_count", "count": {"min": 1, "max": 3.0, "type": "minecraft:uniform"}}], "name": "minecraft:water_bucket"}, {"type": "minecraft:item", "functions": [{"function": "minecraft:set_count", "count": {"min": 1, "max": 3.0, "type": "minecraft:uniform"}}], "name": "minecraft:barrel"}, {"type": "minecraft:item", "weight": 3, "functions": [{"function": "minecraft:set_count", "count": {"min": 1, "max": 3.0, "type": "minecraft:uniform"}}], "name": "minecraft:wheat_seeds"}, {"type": "minecraft:item", "weight": 2, "functions": [{"function": "minecraft:set_count", "count": {"min": 1, "max": 3.0, "type": "minecraft:uniform"}}], "name": "minecraft:coal"}]}]}