{"type": "minecraft:block", "pools": [{"rolls": 1, "entries": [{"type": "minecraft:alternatives", "children": [{"type": "minecraft:item", "conditions": [{"condition": "minecraft:match_tool", "predicate": {"enchantments": [{"enchantment": "minecraft:silk_touch", "levels": {"min": 1}}]}}], "name": "minecraft:campfire"}, {"type": "minecraft:item", "conditions": [{"condition": "minecraft:survives_explosion"}], "functions": [{"function": "minecraft:set_count", "count": 2}], "name": "minecraft:charcoal"}]}]}]}