{"type": "minecraft:chest", "pools": [{"rolls": {"min": 4.0, "max": 8.0, "type": "minecraft:uniform"}, "entries": [{"type": "minecraft:item", "weight": 40, "functions": [{"function": "minecraft:set_count", "count": {"min": 1, "max": 2.0, "type": "minecraft:uniform"}}], "name": "minecraft:obsidian"}, {"type": "minecraft:item", "weight": 40, "functions": [{"function": "minecraft:set_count", "count": {"min": 1, "max": 4.0, "type": "minecraft:uniform"}}], "name": "minecraft:flint"}, {"type": "minecraft:item", "weight": 40, "functions": [{"function": "minecraft:set_count", "count": {"min": 9.0, "max": 18.0, "type": "minecraft:uniform"}}], "name": "minecraft:iron_nugget"}, {"type": "minecraft:item", "weight": 40, "name": "minecraft:flint_and_steel"}, {"type": "minecraft:item", "weight": 40, "name": "minecraft:fire_charge"}, {"type": "minecraft:item", "weight": 15, "name": "minecraft:golden_apple"}, {"type": "minecraft:item", "weight": 15, "functions": [{"function": "minecraft:set_count", "count": {"min": 4.0, "max": 24.0, "type": "minecraft:uniform"}}], "name": "minecraft:gold_nugget"}, {"type": "minecraft:item", "weight": 15, "functions": [{"function": "minecraft:enchant_randomly"}], "name": "minecraft:golden_sword"}, {"type": "minecraft:item", "weight": 15, "functions": [{"function": "minecraft:enchant_randomly"}], "name": "minecraft:golden_axe"}, {"type": "minecraft:item", "weight": 15, "functions": [{"function": "minecraft:enchant_randomly"}], "name": "minecraft:golden_hoe"}, {"type": "minecraft:item", "weight": 15, "functions": [{"function": "minecraft:enchant_randomly"}], "name": "minecraft:golden_shovel"}, {"type": "minecraft:item", "weight": 15, "functions": [{"function": "minecraft:enchant_randomly"}], "name": "minecraft:golden_pickaxe"}, {"type": "minecraft:item", "weight": 15, "functions": [{"function": "minecraft:enchant_randomly"}], "name": "minecraft:golden_boots"}, {"type": "minecraft:item", "weight": 15, "functions": [{"function": "minecraft:enchant_randomly"}], "name": "minecraft:golden_chestplate"}, {"type": "minecraft:item", "weight": 15, "functions": [{"function": "minecraft:enchant_randomly"}], "name": "minecraft:golden_helmet"}, {"type": "minecraft:item", "weight": 15, "functions": [{"function": "minecraft:enchant_randomly"}], "name": "minecraft:golden_leggings"}, {"type": "minecraft:item", "weight": 5, "functions": [{"function": "minecraft:set_count", "count": {"min": 4.0, "max": 12.0, "type": "minecraft:uniform"}}], "name": "minecraft:glistering_melon_slice"}, {"type": "minecraft:item", "weight": 5, "name": "minecraft:golden_horse_armor"}, {"type": "minecraft:item", "weight": 5, "name": "minecraft:light_weighted_pressure_plate"}, {"type": "minecraft:item", "weight": 5, "functions": [{"function": "minecraft:set_count", "count": {"min": 4.0, "max": 12.0, "type": "minecraft:uniform"}}], "name": "minecraft:golden_carrot"}, {"type": "minecraft:item", "weight": 5, "name": "minecraft:clock"}, {"type": "minecraft:item", "weight": 5, "functions": [{"function": "minecraft:set_count", "count": {"min": 2.0, "max": 8.0, "type": "minecraft:uniform"}}], "name": "minecraft:gold_ingot"}, {"type": "minecraft:item", "name": "minecraft:bell"}, {"type": "minecraft:item", "name": "minecraft:enchanted_golden_apple"}, {"type": "minecraft:item", "functions": [{"function": "minecraft:set_count", "count": {"min": 1, "max": 2.0, "type": "minecraft:uniform"}}], "name": "minecraft:gold_block"}]}]}