{"type": "minecraft:block", "pools": [{"rolls": 1, "entries": [{"type": "minecraft:alternatives", "children": [{"type": "minecraft:item", "conditions": [{"condition": "minecraft:match_tool", "predicate": {"enchantments": [{"enchantment": "minecraft:silk_touch", "levels": {"min": 1}}]}}], "name": "minecraft:gilded_blackstone"}, {"type": "minecraft:alternatives", "conditions": [{"condition": "minecraft:survives_explosion"}], "children": [{"type": "minecraft:item", "conditions": [{"condition": "minecraft:table_bonus", "enchantment": "minecraft:fortune", "chances": [0.1, 0.14285715, 0.25, 1.0]}], "functions": [{"function": "minecraft:set_count", "count": {"min": 2.0, "max": 5.0, "type": "minecraft:uniform"}}], "name": "minecraft:gold_nugget"}, {"type": "minecraft:item", "name": "minecraft:gilded_blackstone"}]}]}]}]}