{"parent": "minecraft:nether/brew_potion", "display": {"icon": {"item": "minecraft:red_nether_bricks"}, "title": {"translate": "advancements.husbandry.breed_an_animal.title"}, "description": {"text": "to:minecraft:the_nether, loot_table:minecraft:chests/bastion_other, biome:minecraft:cold_ocean, biome:minecraft:cold_ocean, entity:stray, entity:stray, entity:stray"}, "frame": "goal", "show_toast": true, "announce_to_chat": true, "hidden": false}, "rewards": {}, "criteria": {"entered_nether": {"trigger": "minecraft:changed_dimension", "conditions": {"to": "minecraft:the_nether"}}, "loot_bastion_other": {"trigger": "minecraft:player_generates_container_loot", "conditions": {"loot_table": "minecraft:chests/bastion_other"}}, "minecraft:cold_ocean": {"trigger": "minecraft:location", "conditions": {"location": {"biome": "minecraft:cold_ocean"}}}, "minecraft:stray": {"trigger": "minecraft:player_killed_entity", "conditions": {"entity": [{"condition": "minecraft:entity_properties", "predicate": {"type": "minecraft:stray"}, "entity": "this"}]}}}}