{"parent": "minecraft:nether/obtain_blaze_rod", "display": {"icon": {"item": "minecraft:bee_nest"}, "title": {"translate": "advancements.adventure.kill_all_mobs.title"}, "description": {"text": "entity:evoker, entity:evoker, entity:evoker"}, "frame": "task", "show_toast": true, "announce_to_chat": true, "hidden": false}, "criteria": {"minecraft:evoker": {"trigger": "minecraft:player_killed_entity", "conditions": {"entity": [{"condition": "minecraft:entity_properties", "predicate": {"type": "minecraft:evoker"}, "entity": "this"}]}}}, "rewards": {}}