{"parent": "minecraft:nether/obtain_crying_obsidian", "display": {"icon": {"item": "minecraft:ender_eye"}, "title": {"translate": "advancements.nether.explore_nether.title"}, "description": {"text": "child:[{'condition': 'minecraft:entity_properties', 'predicate': {'type': 'minecraft:cow'}, 'entity': 'this'}], entity:hoglin, entity:hoglin, entity:hoglin"}, "frame": "task", "show_toast": true, "announce_to_chat": true, "hidden": false}, "criteria": {"minecraft:cow": {"trigger": "minecraft:bred_animals", "conditions": {"child": [{"condition": "minecraft:entity_properties", "predicate": {"type": "minecraft:cow"}, "entity": "this"}]}}, "minecraft:hoglin": {"trigger": "minecraft:player_killed_entity", "conditions": {"entity": [{"condition": "minecraft:entity_properties", "predicate": {"type": "minecraft:hoglin"}, "entity": "this"}]}}}, "rewards": {}}