{"parent": "minecraft:nether/create_beacon", "display": {"icon": {"item": "minecraft:end_stone"}, "title": {"translate": "advancements.story.shiny_gear.title"}, "description": {"text": "block:['block', 'state'], block:{'block': 'minecraft:respawn_anchor', 'state': {'charges': '4'}}, item:{'item': 'minecraft:glowstone'}"}, "frame": "goal", "show_toast": true, "announce_to_chat": true, "hidden": false}, "criteria": {"charge_respawn_anchor": {"trigger": "minecraft:item_used_on_block", "conditions": {"location": {"block": {"block": "minecraft:respawn_anchor", "state": {"charges": "4"}}}, "item": {"item": "minecraft:glowstone"}}}}, "rewards": {}}