{"parent": "minecraft:nether/root", "display": {"icon": {"item": "minecraft:crossbow", "nbt": "{Damage:0}"}, "title": {"translate": "advancements.end.root.title"}, "description": {"text": "entity:enderman, entity:enderman, entity:enderman, entity:ghast, entity:ghast, entity:ghast, entity:ravager, entity:ravager, entity:ravager, entity:ender_dragon, entity:ender_dragon, entity:ender_dragon"}, "frame": "task", "show_toast": true, "announce_to_chat": true, "hidden": false}, "criteria": {"minecraft:enderman": {"trigger": "minecraft:player_killed_entity", "conditions": {"entity": [{"condition": "minecraft:entity_properties", "predicate": {"type": "minecraft:enderman"}, "entity": "this"}]}}, "minecraft:ghast": {"trigger": "minecraft:player_killed_entity", "conditions": {"entity": [{"condition": "minecraft:entity_properties", "predicate": {"type": "minecraft:ghast"}, "entity": "this"}]}}, "minecraft:ravager": {"trigger": "minecraft:player_killed_entity", "conditions": {"entity": [{"condition": "minecraft:entity_properties", "predicate": {"type": "minecraft:ravager"}, "entity": "this"}]}}, "minecraft:ender_dragon": {"trigger": "minecraft:player_killed_entity", "conditions": {"entity": [{"condition": "minecraft:entity_properties", "predicate": {"type": "minecraft:ender_dragon"}, "entity": "this"}]}}}, "rewards": {}}