{"parent": "minecraft:nether/ride_strider", "display": {"icon": {"item": "minecraft:obsidian"}, "title": {"translate": "advancements.husbandry.safely_harvest_honey.title"}, "description": {"text": "player:[{'condition': 'minecraft:entity_properties', 'predicate': {'vehicle': {'type': 'minecraft:strider'}}, 'entity': 'this'}], item:{'item': 'minecraft:warped_fungus_on_a_stick'}"}, "frame": "challenge", "show_toast": true, "announce_to_chat": true, "hidden": false}, "rewards": {}, "criteria": {"used_warped_fungus_on_a_stick": {"trigger": "minecraft:item_durability_changed", "conditions": {"player": [{"condition": "minecraft:entity_properties", "predicate": {"vehicle": {"type": "minecraft:strider"}}, "entity": "this"}], "item": {"item": "minecraft:warped_fungus_on_a_stick"}}}}}