{"parent": "minecraft:nether/root", "display": {"icon": {"item": "minecraft:ghast_tear"}, "title": {"translate": "advancements.nether.create_full_beacon.title"}, "description": {"text": "enchanted_item, entity:skeleton, entity:skeleton, entity:skeleton, biome:minecraft:frozen_river, biome:minecraft:frozen_river, child:[{'condition': 'minecraft:entity_properties', 'predicate': {'type': 'minecraft:cat'}, 'entity': 'this'}], entity:blaze, entity:blaze, entity:blaze, child:[{'condition': 'minecraft:entity_properties', 'predicate': {'type': 'minecraft:hoglin'}, 'entity': 'this'}], biome:minecraft:bamboo_jungle_hills, biome:minecraft:bamboo_jungle_hills, item:{'item': 'minecraft:tropical_fish'}, entity:elder_guardian, entity:elder_guardian, entity:elder_guardian, hero_of_the_village, entity:zombified_piglin, entity:zombified_piglin, entity:zombified_piglin, consume_item, item:{'item': 'minecraft:pumpkin_pie'}, entity:hoglin, entity:hoglin, entity:hoglin, feature:fortress, feature:fortress, item:{'item': 'minecraft:pufferfish'}, item:{'item': 'minecraft:golden_apple'}, entity:creeper, entity:creeper, entity:creeper, entity:phantom, entity:phantom, entity:phantom, entity:ender_dragon, entity:ender_dragon, entity:ender_dragon, entity:guardian, entity:guardian, entity:guardian, item:{'item': 'minecraft:potato'}, entity:pillager, entity:pillager, entity:pillager, cat:persian, entity:ghast, entity:ghast, entity:ghast, item:{'item': 'minecraft:crossbow'}, entity:vindicator, entity:vindicator, entity:vindicator"}, "frame": "goal", "show_toast": true, "announce_to_chat": true, "hidden": false}, "rewards": {}, "criteria": {"enchanted_item": {"trigger": "minecraft:enchanted_item", "conditions": {}}, "minecraft:skeleton": {"trigger": "minecraft:player_killed_entity", "conditions": {"entity": [{"condition": "minecraft:entity_properties", "predicate": {"type": "minecraft:skeleton"}, "entity": "this"}]}}, "minecraft:frozen_river": {"trigger": "minecraft:location", "conditions": {"location": {"biome": "minecraft:frozen_river"}}}, "minecraft:cat": {"trigger": "minecraft:bred_animals", "conditions": {"child": [{"condition": "minecraft:entity_properties", "predicate": {"type": "minecraft:cat"}, "entity": "this"}]}}, "minecraft:blaze": {"trigger": "minecraft:player_killed_entity", "conditions": {"entity": [{"condition": "minecraft:entity_properties", "predicate": {"type": "minecraft:blaze"}, "entity": "this"}]}}, "minecraft:hoglin": {"trigger": "minecraft:player_killed_entity", "conditions": {"entity": [{"condition": "minecraft:entity_properties", "predicate": {"type": "minecraft:hoglin"}, "entity": "this"}]}}, "minecraft:bamboo_jungle_hills": {"trigger": "minecraft:location", "conditions": {"location": {"biome": "minecraft:bamboo_jungle_hills"}}}, "iron_helmet": {"trigger": "minecraft:inventory_changed", "conditions": {"items": [{"item": "minecraft:iron_helmet"}]}}, "tropical_fish": {"trigger": "minecraft:consume_item", "conditions": {"item": {"item": "minecraft:tropical_fish"}}}, "minecraft:elder_guardian": {"trigger": "minecraft:player_killed_entity", "conditions": {"entity": [{"condition": "minecraft:entity_properties", "predicate": {"type": "minecraft:elder_guardian"}, "entity": "this"}]}}, "diamond_leggings": {"trigger": "minecraft:inventory_changed", "conditions": {"items": [{"item": "minecraft:diamond_leggings"}]}}, "dragon_breath": {"trigger": "minecraft:inventory_changed", "conditions": {"items": [{"item": "minecraft:dragon_breath"}]}}, "hero_of_the_village": {"trigger": "minecraft:hero_of_the_village", "conditions": {}}, "minecraft:zombified_piglin": {"trigger": "minecraft:player_killed_entity", "conditions": {"entity": [{"condition": "minecraft:entity_properties", "predicate": {"type": "minecraft:zombified_piglin"}, "entity": "this"}]}}, "consumed_item": {"trigger": "minecraft:consume_item", "conditions": {}}, "pumpkin_pie": {"trigger": "minecraft:consume_item", "conditions": {"item": {"item": "minecraft:pumpkin_pie"}}}, "diamond": {"trigger": "minecraft:inventory_changed", "conditions": {"items": [{"item": "minecraft:diamond"}]}}, "struck_villager": {"trigger": "minecraft:channeled_lightning", "conditions": {"victims": [[{"condition": "minecraft:entity_properties", "predicate": {"type": "minecraft:villager"}, "entity": "this"}]]}}, "fortress": {"trigger": "minecraft:location", "conditions": {"location": {"feature": "fortress"}}}, "pufferfish": {"trigger": "minecraft:fishing_rod_hooked", "conditions": {"item": {"item": "minecraft:pufferfish"}}}, "golden_apple": {"trigger": "minecraft:consume_item", "conditions": {"item": {"item": "minecraft:golden_apple"}}}, "minecraft:creeper": {"trigger": "minecraft:player_killed_entity", "conditions": {"entity": [{"condition": "minecraft:entity_properties", "predicate": {"type": "minecraft:creeper"}, "entity": "this"}]}}, "minecraft:phantom": {"trigger": "minecraft:player_killed_entity", "conditions": {"entity": [{"condition": "minecraft:entity_properties", "predicate": {"type": "minecraft:phantom"}, "entity": "this"}]}}, "minecraft:ender_dragon": {"trigger": "minecraft:player_killed_entity", "conditions": {"entity": [{"condition": "minecraft:entity_properties", "predicate": {"type": "minecraft:ender_dragon"}, "entity": "this"}]}}, "minecraft:guardian": {"trigger": "minecraft:player_killed_entity", "conditions": {"entity": [{"condition": "minecraft:entity_properties", "predicate": {"type": "minecraft:guardian"}, "entity": "this"}]}}, "potato": {"trigger": "minecraft:consume_item", "conditions": {"item": {"item": "minecraft:potato"}}}, "blaze_rod": {"trigger": "minecraft:inventory_changed", "conditions": {"items": [{"item": "minecraft:blaze_rod"}]}}, "minecraft:pillager": {"trigger": "minecraft:player_killed_entity", "conditions": {"entity": [{"condition": "minecraft:entity_properties", "predicate": {"type": "minecraft:pillager"}, "entity": "this"}]}}, "textures/entity/cat/persian.png": {"trigger": "minecraft:tame_animal", "conditions": {"entity": [{"condition": "minecraft:entity_properties", "predicate": {"catType": "minecraft:textures/entity/cat/persian.png"}, "entity": "this"}]}}, "killed_ghast": {"trigger": "minecraft:player_killed_entity", "conditions": {"entity": [{"condition": "minecraft:entity_properties", "predicate": {"type": "minecraft:ghast", "location": {"dimension": "minecraft:overworld"}}, "entity": "this"}]}}, "shot_crossbow": {"trigger": "minecraft:shot_crossbow", "conditions": {"item": {"item": "minecraft:crossbow"}}}, "minecraft:vindicator": {"trigger": "minecraft:player_killed_entity", "conditions": {"entity": [{"condition": "minecraft:entity_properties", "predicate": {"type": "minecraft:vindicator"}, "entity": "this"}]}}}}