{"parent": "minecraft:nether/root", "display": {"icon": {"item": "minecraft:lava_bucket"}, "title": {"translate": "advancements.adventure.two_birds_one_arrow.title"}, "description": {"text": "biome:minecraft:deep_cold_ocean, biome:minecraft:deep_cold_ocean"}, "frame": "goal", "show_toast": true, "announce_to_chat": true, "hidden": false}, "criteria": {"minecraft:deep_cold_ocean": {"trigger": "minecraft:location", "conditions": {"location": {"biome": "minecraft:deep_cold_ocean"}}}}, "rewards": {}}