{"parent": "minecraft:nether/root", "display": {"icon": {"item": "minecraft:emerald"}, "title": {"translate": "advancements.story.root.title"}, "description": {"text": "entity:ghast, entity:ghast, entity:ghast"}, "frame": "goal", "show_toast": true, "announce_to_chat": true, "hidden": false}, "criteria": {"minecraft:ghast": {"trigger": "minecraft:player_killed_entity", "conditions": {"entity": [{"condition": "minecraft:entity_properties", "predicate": {"type": "minecraft:ghast"}, "entity": "this"}]}}}, "rewards": {}}