{"parent": "minecraft:nether/find_fortress", "display": {"icon": {"item": "minecraft:bucket"}, "title": {"translate": "advancements.story.deflect_arrow.title"}, "description": {"text": "entity:ender_dragon, entity:ender_dragon, entity:ender_dragon"}, "frame": "task", "show_toast": true, "announce_to_chat": true, "hidden": false}, "criteria": {"summoned_dragon": {"trigger": "minecraft:summoned_entity", "conditions": {"entity": [{"condition": "minecraft:entity_properties", "predicate": {"type": "minecraft:ender_dragon"}, "entity": "this"}]}}}, "rewards": {}}