{"parent": "minecraft:nether/obtain_ancient_debris", "display": {"icon": {"item": "minecraft:fishing_rod", "nbt": "{Damage:0}"}, "title": {"translate": "advancements.adventure.shoot_arrow.title"}, "description": {"text": "cat:all_black"}, "frame": "goal", "show_toast": true, "announce_to_chat": true, "hidden": false}, "rewards": {"experience": 50}, "criteria": {"textures/entity/cat/all_black.png": {"trigger": "minecraft:tame_animal", "conditions": {"entity": [{"condition": "minecraft:entity_properties", "predicate": {"catType": "minecraft:textures/entity/cat/all_black.png"}, "entity": "this"}]}}}}