{"parent": "minecraft:nether/find_fortress", "display": {"icon": {"item": "minecraft:crossbow", "nbt": "{Damage:0}"}, "title": {"translate": "advancements.adventure.ol_betsy.title"}, "description": {"text": "biome:minecraft:savanna_plateau, biome:minecraft:savanna_plateau, item:{'item': 'minecraft:tropical_fish'}, biome:minecraft:jungle, biome:minecraft:jungle, block:minecraft:beetroots"}, "frame": "task", "show_toast": true, "announce_to_chat": true, "hidden": false}, "criteria": {"minecraft:savanna_plateau": {"trigger": "minecraft:location", "conditions": {"location": {"biome": "minecraft:savanna_plateau"}}}, "tropical_fish": {"trigger": "minecraft:fishing_rod_hooked", "conditions": {"item": {"item": "minecraft:tropical_fish"}}}, "minecraft:jungle": {"trigger": "minecraft:location", "conditions": {"location": {"biome": "minecraft:jungle"}}}, "beetroots": {"trigger": "minecraft:placed_block", "conditions": {"block": "minecraft:beetroots"}}}, "rewards": {}}