{"parent": "minecraft:nether/root", "display": {"icon": {"item": "minecraft:golden_apple"}, "title": {"translate": "advancements.adventure.sleep_in_bed.title"}, "description": {"text": "cat:british_shorthair"}, "frame": "goal", "show_toast": true, "announce_to_chat": true, "hidden": false}, "criteria": {"textures/entity/cat/british_shorthair.png": {"trigger": "minecraft:tame_animal", "conditions": {"entity": [{"condition": "minecraft:entity_properties", "predicate": {"catType": "minecraft:textures/entity/cat/british_shorthair.png"}, "entity": "this"}]}}}, "rewards": {"experience": 100}}