{"parent": "minecraft:nether/root", "display": {"icon": {"item": "minecraft:trident", "nbt": "{Damage:0}"}, "title": {"translate": "advancements.story.obtain_armor.title"}, "description": {"text": "biome:minecraft:birch_forest, biome:minecraft:birch_forest"}, "frame": "challenge", "show_toast": true, "announce_to_chat": true, "hidden": false}, "rewards": {}, "criteria": {"minecraft:birch_forest": {"trigger": "minecraft:location", "conditions": {"location": {"biome": "minecraft:birch_forest"}}}}}