{"parent": "minecraft:nether/root", "display": {"icon": {"item": "minecraft:dragon_head"}, "title": {"translate": "advancements.adventure.root.title"}, "description": {"text": "cat:red"}, "frame": "goal", "show_toast": true, "announce_to_chat": true, "hidden": false}, "criteria": {"textures/entity/cat/red.png": {"trigger": "minecraft:tame_animal", "conditions": {"entity": [{"condition": "minecraft:entity_properties", "predicate": {"catType": "minecraft:textures/entity/cat/red.png"}, "entity": "this"}]}}}, "rewards": {}}