{"display": {"icon": {"item": "minecraft:iron_pickaxe", "nbt": "{Damage:0}"}, "title": {"translate": "advancements.husbandry.netherite_hoe.title"}, "description": {"text": "item:{'item': 'minecraft:poisonous_potato'}"}, "frame": "goal", "show_toast": true, "announce_to_chat": true, "hidden": false, "background": "minecraft:textures/gui/advancements/backgrounds/nether.png"}, "criteria": {"poisonous_potato": {"trigger": "minecraft:consume_item", "conditions": {"item": {"item": "minecraft:poisonous_potato"}}}}, "rewards": {}}