{"parent": "minecraft:nether/get_wither_skull", "display": {"icon": {"item": "minecraft:respawn_anchor"}, "title": {"translate": "advancements.nether.ride_strider.title"}, "description": {"text": "biome:minecraft:wooded_mountains, biome:minecraft:wooded_mountains"}, "frame": "challenge", "show_toast": true, "announce_to_chat": true, "hidden": false}, "criteria": {"minecraft:wooded_mountains": {"trigger": "minecraft:location", "conditions": {"location": {"biome": "minecraft:wooded_mountains"}}}}, "rewards": {}}