{"parent": "minecraft:nether/obtain_ancient_debris", "display": {"icon": {"item": "minecraft:iron_ingot"}, "title": {"translate": "advancements.adventure.trade.title"}, "description": {"text": "entity:#raiders, entity:#raiders, entity:#raiders, player:[{'condition': 'minecraft:inverted', 'term': {'condition': 'minecraft:entity_properties', 'predicate': {'equipment': {'head': {'item': 'minecraft:golden_helmet'}}}, 'entity': 'this'}}, {'condition': 'minecraft:inverted', 'term': {'condition': 'minecraft:entity_properties', 'predicate': {'equipment': {'chest': {'item': 'minecraft:golden_chestplate'}}}, 'entity': 'this'}}, {'condition': 'minecraft:inverted', 'term': {'condition': 'minecraft:entity_properties', 'predicate': {'equipment': {'legs': {'item': 'minecraft:golden_leggings'}}}, 'entity': 'this'}}, {'condition': 'minecraft:inverted', 'term': {'condition': 'minecraft:entity_properties', 'predicate': {'equipment': {'feet': {'item': 'minecraft:golden_boots'}}}, 'entity': 'this'}}], item:{'tag': 'minecraft:piglin_loved'}, entity:piglin, entity:piglin, entity:piglin, entity:creeper, entity:creeper, entity:creeper, entity:stray, entity:stray, entity:stray"}, "frame": "goal", "show_toast": true, "announce_to_chat": true, "hidden": false}, "criteria": {"two_birds": {"trigger": "minecraft:killed_by_crossbow", "conditions": {"victims": [[{"condition": "minecraft:entity_properties", "predicate": {"type": "minecraft:phantom"}, "entity": "this"}], [{"condition": "minecraft:entity_properties", "predicate": {"type": "minecraft:phantom"}, "entity": "this"}]]}}, "voluntary_exile": {"trigger": "minecraft:player_killed_entity", "conditions": {"entity": [{"condition": "minecraft:entity_properties", "predicate": {"type": "#minecraft:raiders", "equipment": {"head": {"item": "minecraft:white_banner", "nbt": "{BlockEntityTag:{Patterns:[{Color:9,Pattern:\"mr\"},{Color:8,Pattern:\"bs\"},{Color:7,Pattern:\"cs\"},{Color:8,Pattern:\"bo\"},{Color:15,Pattern:\"ms\"},{Color:8,Pattern:\"hh\"},{Color:8,Pattern:\"mc\"},{Color:15,Pattern:\"bo\"}]},HideFlags:32,display:{Name:'{\"color\":\"gold\",\"translate\":\"block.minecraft.ominous_banner\"}'}}"}}}, "entity": "this"}]}}, "distract_piglin": {"trigger": "minecraft:thrown_item_picked_up_by_entity", "conditions": {"player": [{"condition": "minecraft:inverted", "term": {"condition": "minecraft:entity_properties", "predicate": {"equipment": {"head": {"item": "minecraft:golden_helmet"}}}, "entity": "this"}}, {"condition": "minecraft:inverted", "term": {"condition": "minecraft:entity_properties", "predicate": {"equipment": {"chest": {"item": "minecraft:golden_chestplate"}}}, "entity": "this"}}, {"condition": "minecraft:inverted", "term": {"condition": "minecraft:entity_properties", "predicate": {"equipment": {"legs": {"item": "minecraft:golden_leggings"}}}, "entity": "this"}}, {"condition": "minecraft:inverted", "term": {"condition": "minecraft:entity_properties", "predicate": {"equipment": {"feet": {"item": "minecraft:golden_boots"}}}, "entity": "this"}}], "item": {"tag": "minecraft:piglin_loved"}, "entity": [{"condition": "minecraft:entity_properties", "predicate": {"type": "minecraft:piglin", "flags": {"is_baby": false}}, "entity": "this"}]}}, "minecraft:creeper": {"trigger": "minecraft:player_killed_entity", "conditions": {"entity": [{"condition": "minecraft:entity_properties", "predicate": {"type": "minecraft:creeper"}, "entity": "this"}]}}, "minecraft:stray": {"trigger": "minecraft:player_killed_entity", "conditions": {"entity": [{"condition": "minecraft:entity_properties", "predicate": {"type": "minecraft:stray"}, "entity": "this"}]}}}, "rewards": {}}