{"parent": "minecraft:story/enter_the_nether", "display": {"icon": {"item": "minecraft:apple"}, "title": {"translate": "advancements.adventure.throw_trident.title"}, "description": {"text": "entity:wither, entity:wither, entity:wither"}, "frame": "challenge", "show_toast": true, "announce_to_chat": true, "hidden": false}, "criteria": {"minecraft:wither": {"trigger": "minecraft:player_killed_entity", "conditions": {"entity": [{"condition": "minecraft:entity_properties", "predicate": {"type": "minecraft:wither"}, "entity": "this"}]}}}, "rewards": {"experience": 50}}