{"parent": "minecraft:story/obtain_armor", "display": {"icon": {"item": "minecraft:wither_skeleton_skull"}, "title": {"translate": "advancements.husbandry.fishy_business.title"}, "description": {"text": "item:{'item': 'minecraft:cooked_porkchop'}, child:[{'condition': 'minecraft:entity_properties', 'predicate': {'type': 'minecraft:rabbit'}, 'entity': 'this'}], entity:wither, entity:wither, entity:wither, entity:pillager, entity:pillager, entity:pillager"}, "frame": "goal", "show_toast": true, "announce_to_chat": true, "hidden": false}, "criteria": {"cooked_porkchop": {"trigger": "minecraft:consume_item", "conditions": {"item": {"item": "minecraft:cooked_porkchop"}}}, "minecraft:rabbit": {"trigger": "minecraft:bred_animals", "conditions": {"child": [{"condition": "minecraft:entity_properties", "predicate": {"type": "minecraft:rabbit"}, "entity": "this"}]}}, "minecraft:wither": {"trigger": "minecraft:player_killed_entity", "conditions": {"entity": [{"condition": "minecraft:entity_properties", "predicate": {"type": "minecraft:wither"}, "entity": "this"}]}}, "minecraft:pillager": {"trigger": "minecraft:player_killed_entity", "conditions": {"entity": [{"condition": "minecraft:entity_properties", "predicate": {"type": "minecraft:pillager"}, "entity": "this"}]}}}, "rewards": {"experience": 100}}