{"parent": "minecraft:story/form_obsidian", "display": {"icon": {"item": "minecraft:trident", "nbt": "{Damage:0}"}, "title": {"translate": "advancements.end.kill_dragon.title"}, "description": {"text": "biome:minecraft:wooded_hills, biome:minecraft:wooded_hills"}, "frame": "task", "show_toast": true, "announce_to_chat": true, "hidden": false}, "criteria": {"minecraft:wooded_hills": {"trigger": "minecraft:location", "conditions": {"location": {"biome": "minecraft:wooded_hills"}}}}, "rewards": {"experience": 100}}