{"parent": "minecraft:story/enter_the_nether", "display": {"icon": {"item": "minecraft:nether_star"}, "title": {"translate": "advancements.nether.obtain_blaze_rod.title"}, "description": {"text": "entity:shulker, entity:shulker, entity:shulker"}, "frame": "challenge", "show_toast": true, "announce_to_chat": true, "hidden": false}, "criteria": {"minecraft:shulker": {"trigger": "minecraft:player_killed_entity", "conditions": {"entity": [{"condition": "minecraft:entity_properties", "predicate": {"type": "minecraft:shulker"}, "entity": "this"}]}}}, "rewards": {}}