{"parent": "minecraft:story/lava_bucket", "display": {"icon": {"item": "minecraft:dragon_egg"}, "title": {"translate": "advancements.adventure.totem_of_undying.title"}, "description": {"text": "entity:witch, entity:witch, entity:witch, biome:minecraft:wooded_badlands_plateau, biome:minecraft:wooded_badlands_plateau, item:{'item': 'minecraft:apple'}, item:{'item': 'minecraft:beetroot_soup'}"}, "frame": "challenge", "show_toast": true, "announce_to_chat": true, "hidden": false}, "criteria": {"minecraft:witch": {"trigger": "minecraft:player_killed_entity", "conditions": {"entity": [{"condition": "minecraft:entity_properties", "predicate": {"type": "minecraft:witch"}, "entity": "this"}]}}, "minecraft:wooded_badlands_plateau": {"trigger": "minecraft:location", "conditions": {"location": {"biome": "minecraft:wooded_badlands_plateau"}}}, "stone_pickaxe": {"trigger": "minecraft:inventory_changed", "conditions": {"items": [{"item": "minecraft:stone_pickaxe"}]}}, "apple": {"trigger": "minecraft:consume_item", "conditions": {"item": {"item": "minecraft:apple"}}}, "beetroot_soup": {"trigger": "minecraft:consume_item", "conditions": {"item": {"item": "minecraft:beetroot_soup"}}}}, "rewards": {}}