{"parent": "minecraft:story/smelt_iron", "display": {"icon": {"item": "minecraft:potion"}, "title": {"translate": "advancements.husbandry.plant_seed.title"}, "description": {"text": "child:[{'condition': 'minecraft:entity_properties', 'predicate': {'type': 'minecraft:pig'}, 'entity': 'this'}]"}, "frame": "task", "show_toast": true, "announce_to_chat": true, "hidden": false}, "criteria": {"minecraft:pig": {"trigger": "minecraft:bred_animals", "conditions": {"child": [{"condition": "minecraft:entity_properties", "predicate": {"type": "minecraft:pig"}, "entity": "this"}]}}}, "rewards": {}}