{"parent": "minecraft:story/smelt_iron", "display": {"icon": {"item": "minecraft:golden_carrot"}, "title": {"translate": "advancements.story.enchant_item.title"}, "description": {"text": "cat:calico"}, "frame": "task", "show_toast": true, "announce_to_chat": true, "hidden": false}, "criteria": {"textures/entity/cat/calico.png": {"trigger": "minecraft:tame_animal", "conditions": {"entity": [{"condition": "minecraft:entity_properties", "predicate": {"catType": "minecraft:textures/entity/cat/calico.png"}, "entity": "this"}]}}}, "rewards": {}}