{"parent": "minecraft:story/root", "display": {"icon": {"item": "minecraft:crying_obsidian"}, "title": {"translate": "advancements.nether.find_fortress.title"}, "description": {"text": "child:[{'condition': 'minecraft:entity_properties', 'predicate': {'type': 'minecraft:strider'}, 'entity': 'this'}]"}, "frame": "goal", "show_toast": true, "announce_to_chat": true, "hidden": false}, "criteria": {"minecraft:strider": {"trigger": "minecraft:bred_animals", "conditions": {"child": [{"condition": "minecraft:entity_properties", "predicate": {"type": "minecraft:strider"}, "entity": "this"}]}}}, "rewards": {}}