{"parent": "minecraft:story/iron_tools", "display": {"icon": {"item": "minecraft:crossbow", "nbt": "{Damage:0}"}, "title": {"translate": "advancements.nether.create_beacon.title"}, "description": {"text": "entity:wither_skeleton, entity:wither_skeleton, entity:wither_skeleton"}, "frame": "goal", "show_toast": true, "announce_to_chat": true, "hidden": false}, "criteria": {"minecraft:wither_skeleton": {"trigger": "minecraft:player_killed_entity", "conditions": {"entity": [{"condition": "minecraft:entity_properties", "predicate": {"type": "minecraft:wither_skeleton"}, "entity": "this"}]}}}, "rewards": {}}