{"parent": "minecraft:story/smelt_iron", "display": {"icon": {"item": "minecraft:shulker_shell"}, "title": {"translate": "advancements.story.enter_the_end.title"}, "description": {"text": "entity:zoglin, entity:zoglin, entity:zoglin"}, "frame": "challenge", "show_toast": true, "announce_to_chat": true, "hidden": false}, "criteria": {"minecraft:zoglin": {"trigger": "minecraft:player_killed_entity", "conditions": {"entity": [{"condition": "minecraft:entity_properties", "predicate": {"type": "minecraft:zoglin"}, "entity": "this"}]}}}, "rewards": {"experience": 1000}}