{"parent": "minecraft:adventure/shoot_arrow", "display": {"icon": {"item": "minecraft:bow", "nbt": "{Damage:0}"}, "title": {"translate": "advancements.adventure.hero_of_the_village.title"}, "description": {"text": "biome:minecraft:snowy_beach, biome:minecraft:snowy_beach, item:{'item': 'minecraft:beetroot'}, item:{'item': 'minecraft:bread'}, block:minecraft:nether_wart, bred_animals, item:{'item': 'minecraft:cooked_chicken'}, entity:husk, entity:husk, entity:husk, block:['block'], block:{'block': 'minecraft:lodestone'}, item:{'item': 'minecraft:compass'}, tame_animal, child:[{'condition': 'minecraft:entity_properties', 'predicate': {'type': 'minecraft:bee'}, 'entity': 'this'}], entity:ravager, entity:ravager, entity:ravager"}, "frame": "goal", "show_toast": true, "announce_to_chat": true, "hidden": false}, "rewards": {}, "criteria": {"minecraft:snowy_beach": {"trigger": "minecraft:location", "conditions": {"location": {"biome": "minecraft:snowy_beach"}}}, "beetroot": {"trigger": "minecraft:consume_item", "conditions": {"item": {"item": "minecraft:beetroot"}}}, "bread": {"trigger": "minecraft:consume_item", "conditions": {"item": {"item": "minecraft:bread"}}}, "nether_wart": {"trigger": "minecraft:placed_block", "conditions": {"block": "minecraft:nether_wart"}}, "bred": {"trigger": "minecraft:bred_animals", "conditions": {}}, "cooked_chicken": {"trigger": "minecraft:consume_item", "conditions": {"item": {"item": "minecraft:cooked_chicken"}}}, "minecraft:husk": {"trigger": "minecraft:player_killed_entity", "conditions": {"entity": [{"condition": "minecraft:entity_properties", "predicate": {"type": "minecraft:husk"}, "entity": "this"}]}}, "use_lodestone": {"trigger": "minecraft:item_used_on_block", "conditions": {"location": {"block": {"block": "minecraft:lodestone"}}, "item": {"item": "minecraft:compass"}}}, "tamed_animal": {"trigger": "minecraft:tame_animal", "conditions": {}}, "minecraft:bee": {"trigger": "minecraft:bred_animals", "conditions": {"child": [{"condition": "minecraft:entity_properties", "predicate": {"type": "minecraft:bee"}, "entity": "this"}]}}, "minecraft:ravager": {"trigger": "minecraft:player_killed_entity", "conditions": {"entity": [{"condition": "minecraft:entity_properties", "predicate": {"type": "minecraft:ravager"}, "entity": "this"}]}}}}