{"parent": "minecraft:adventure/voluntary_exile", "display": {"icon": {"item": "minecraft:red_bed"}, "title": {"translate": "advancements.adventure.summon_iron_golem.title"}, "description": {"text": "cat:white"}, "frame": "goal", "show_toast": true, "announce_to_chat": true, "hidden": false}, "rewards": {"experience": 50}, "criteria": {"textures/entity/cat/white.png": {"trigger": "minecraft:tame_animal", "conditions": {"entity": [{"condition": "minecraft:entity_properties", "predicate": {"catType": "minecraft:textures/entity/cat/white.png"}, "entity": "this"}]}}}}