{"parent": "minecraft:adventure/root", "display": {"icon": {"item": "minecraft:white_banner", "nbt": "{BlockEntityTag:{Patterns:[{Color:9,Pattern:\"mr\"},{Color:8,Pattern:\"bs\"},{Color:7,Pattern:\"cs\"},{Color:8,Pattern:\"bo\"},{Color:15,Pattern:\"ms\"},{Color:8,Pattern:\"hh\"},{Color:8,Pattern:\"mc\"},{Color:15,Pattern:\"bo\"}]},HideFlags:32,display:{Name:'{\"color\":\"gold\",\"translate\":\"block.minecraft.ominous_banner\"}'}}"}, "title": {"translate": "advancements.adventure.very_very_frightening.title"}, "description": {"text": "item:{'item': 'minecraft:salmon_bucket'}"}, "frame": "task", "show_toast": true, "announce_to_chat": true, "hidden": false}, "criteria": {"salmon_bucket": {"trigger": "minecraft:filled_bucket", "conditions": {"item": {"item": "minecraft:salmon_bucket"}}}}, "rewards": {}}