{"parent": "minecraft:adventure/kill_a_mob", "display": {"icon": {"item": "minecraft:milk_bucket"}, "title": {"translate": "advancements.adventure.adventuring_time.title"}, "description": {"text": "biome:minecraft:mushroom_field_shore, biome:minecraft:mushroom_field_shore"}, "frame": "goal", "show_toast": true, "announce_to_chat": true, "hidden": false}, "rewards": {"experience": 100}, "criteria": {"minecraft:mushroom_field_shore": {"trigger": "minecraft:location", "conditions": {"location": {"biome": "minecraft:mushroom_field_shore"}}}}}