{"parent": "minecraft:adventure/root", "display": {"icon": {"item": "minecraft:target"}, "title": {"translate": "advancements.nether.obtain_crying_obsidian.title"}, "description": {"text": "child:[{'condition': 'minecraft:entity_properties', 'predicate': {'type': 'minecraft:mooshroom'}, 'entity': 'this'}]"}, "frame": "goal", "show_toast": true, "announce_to_chat": true, "hidden": false}, "criteria": {"minecraft:mooshroom": {"trigger": "minecraft:bred_animals", "conditions": {"child": [{"condition": "minecraft:entity_properties", "predicate": {"type": "minecraft:mooshroom"}, "entity": "this"}]}}}, "rewards": {}}