{"display": {"icon": {"item": "minecraft:totem_of_undying"}, "title": {"translate": "advancements.end.dragon_egg.title"}, "description": {"text": "entity:zombie_villager, entity:zombie_villager, entity:zombie_villager"}, "frame": "task", "show_toast": true, "announce_to_chat": true, "hidden": false, "background": "minecraft:textures/gui/advancements/backgrounds/adventure.png"}, "criteria": {"minecraft:zombie_villager": {"trigger": "minecraft:player_killed_entity", "conditions": {"entity": [{"condition": "minecraft:entity_properties", "predicate": {"type": "minecraft:zombie_villager"}, "entity": "this"}]}}}, "rewards": {}}