{"parent": "minecraft:adventure/kill_a_mob", "display": {"icon": {"item": "minecraft:hay_block"}, "title": {"translate": "advancements.story.mine_diamond.title"}, "description": {"text": "damage:damage:is_projectile=True+direct_entity=trident"}, "frame": "task", "show_toast": true, "announce_to_chat": true, "hidden": false}, "criteria": {"shot_trident": {"trigger": "minecraft:player_hurt_entity", "conditions": {"damage": {"type": {"is_projectile": true, "direct_entity": {"type": "minecraft:trident"}}}}}}, "rewards": {"experience": 500}}