{"parent": "minecraft:adventure/root", "display": {"icon": {"item": "minecraft:beacon"}, "title": {"translate": "advancements.adventure.bullseye.title"}, "description": {"text": "entity:piglin, entity:piglin, entity:piglin"}, "frame": "challenge", "show_toast": true, "announce_to_chat": true, "hidden": false}, "criteria": {"minecraft:piglin": {"trigger": "minecraft:player_killed_entity", "conditions": {"entity": [{"condition": "minecraft:entity_properties", "predicate": {"type": "minecraft:piglin"}, "entity": "this"}]}}}, "rewards": {}}