{"parent": "minecraft:adventure/kill_a_mob", "display": {"icon": {"item": "minecraft:polished_blackstone_bricks"}, "title": {"translate": "advancements.end.respawn_dragon.title"}, "description": {"text": "entity:zombified_piglin, entity:zombified_piglin, entity:zombified_piglin"}, "frame": "task", "show_toast": true, "announce_to_chat": true, "hidden": false}, "criteria": {"minecraft:zombified_piglin": {"trigger": "minecraft:player_killed_entity", "conditions": {"entity": [{"condition": "minecraft:entity_properties", "predicate": {"type": "minecraft:zombified_piglin"}, "entity": "this"}]}}}, "rewards": {}}