{"parent": "minecraft:adventure/ol_betsy", "display": {"icon": {"item": "minecraft:cod"}, "title": {"translate": "advancements.nether.get_wither_skull.title"}, "description": {"text": "entity:spider, entity:spider, entity:spider"}, "frame": "challenge", "show_toast": true, "announce_to_chat": true, "hidden": false}, "rewards": {}, "criteria": {"minecraft:spider": {"trigger": "minecraft:player_killed_entity", "conditions": {"entity": [{"condition": "minecraft:entity_properties", "predicate": {"type": "minecraft:spider"}, "entity": "this"}]}}}}