{"parent": "minecraft:adventure/throw_trident", "display": {"icon": {"item": "minecraft:wooden_pickaxe", "nbt": "{Damage:0}"}, "title": {"translate": "advancements.story.iron_tools.title"}, "description": {"text": "entity:slime, entity:slime, entity:slime"}, "frame": "challenge", "show_toast": true, "announce_to_chat": true, "hidden": false}, "criteria": {"minecraft:slime": {"trigger": "minecraft:player_killed_entity", "conditions": {"entity": [{"condition": "minecraft:entity_properties", "predicate": {"type": "minecraft:slime"}, "entity": "this"}]}}}, "rewards": {}}