{"parent": "minecraft:adventure/root", "display": {"icon": {"item": "minecraft:white_banner", "nbt": "{BlockEntityTag:{Patterns:[{Color:9,Pattern:\"mr\"},{Color:8,Pattern:\"bs\"},{Color:7,Pattern:\"cs\"},{Color:8,Pattern:\"bo\"},{Color:15,Pattern:\"ms\"},{Color:8,Pattern:\"hh\"},{Color:8,Pattern:\"mc\"},{Color:15,Pattern:\"bo\"}]},HideFlags:32,display:{Name:'{\"color\":\"gold\",\"translate\":\"block.minecraft.ominous_banner\"}'}}"}, "title": {"translate": "advancements.nether.distract_piglin.title"}, "description": {"text": "cat:ragdoll, feature:endcity, feature:endcity, item:{'item': 'minecraft:pufferfish_bucket'}, cat:tabby, entity:witch, entity:witch, entity:witch, entity:guardian, entity:guardian, entity:guardian, biome:minecraft:birch_forest_hills, biome:minecraft:birch_forest_hills, item:{'item': 'minecraft:chicken'}, biome:minecraft:desert_hills, biome:minecraft:desert_hills, damage:damage:is_projectile=True/blocked=True, block:minecraft:bee_nest, item:{'enchantments': [{'enchantment': 'minecraft:silk_touch', 'levels': {'min': 1}}]}, num_bees_inside:3, child:[{'condition': 'minecraft:entity_properties', 'predicate': {'type': 'minecraft:sheep'}, 'entity': 'this'}], cured_zombie_villager, entity:magma_cube, entity:magma_cube, entity:magma_cube, item:{'item': 'minecraft:rabbit_stew'}, biome:minecraft:forest, biome:minecraft:forest, loot_table:minecraft:chests/bastion_bridge, biome:minecraft:mushroom_fields, biome:minecraft:mushroom_fields, biome:minecraft:savanna, biome:minecraft:savanna, entity:shulker, entity:shulker, entity:shulker, biome:minecraft:mountains, biome:minecraft:mountains, unique_entity_types:5, cat:jellie, block:minecraft:end_gateway, loot_table:minecraft:chests/bastion_treasure, player_killed_entity, item:{'item': 'minecraft:enchanted_golden_apple'}, biome:minecraft:lukewarm_ocean, biome:minecraft:lukewarm_ocean, entity:skeleton, entity:skeleton, entity:skeleton, killing_blow:damage:/is_projectile=True, entity:enderman, entity:enderman, entity:enderman, parent:turtle, parent:turtle, parent:turtle, partner:[{'condition': 'minecraft:entity_properties', 'predicate': {'type': 'minecraft:turtle'}, 'entity': 'this'}]"}, "frame": "challenge", "show_toast": true, "announce_to_chat": true, "hidden": false}, "criteria": {"textures/entity/cat/ragdoll.png": {"trigger": "minecraft:tame_animal", "conditions": {"entity": [{"condition": "minecraft:entity_properties", "predicate": {"catType": "minecraft:textures/entity/cat/ragdoll.png"}, "entity": "this"}]}}, "in_city": {"trigger": "minecraft:location", "conditions": {"location": {"feature": "endcity"}}}, "pufferfish_bucket": {"trigger": "minecraft:filled_bucket", "conditions": {"item": {"item": "minecraft:pufferfish_bucket"}}}, "textures/entity/cat/tabby.png": {"trigger": "minecraft:tame_animal", "conditions": {"entity": [{"condition": "minecraft:entity_properties", "predicate": {"catType": "minecraft:textures/entity/cat/tabby.png"}, "entity": "this"}]}}, "minecraft:witch": {"trigger": "minecraft:player_killed_entity", "conditions": {"entity": [{"condition": "minecraft:entity_properties", "predicate": {"type": "minecraft:witch"}, "entity": "this"}]}}, "minecraft:guardian": {"trigger": "minecraft:player_killed_entity", "conditions": {"entity": [{"condition": "minecraft:entity_properties", "predicate": {"type": "minecraft:guardian"}, "entity": "this"}]}}, "lava_bucket": {"trigger": "minecraft:inventory_changed", "conditions": {"items": [{"item": "minecraft:lava_bucket"}]}}, "minecraft:birch_forest_hills": {"trigger": "minecraft:location", "conditions": {"location": {"biome": "minecraft:birch_forest_hills"}}}, "iron_leggings": {"trigger": "minecraft:inventory_changed", "conditions": {"items": [{"item": "minecraft:iron_leggings"}]}}, "chicken": {"trigger": "minecraft:consume_item", "conditions": {"item": {"item": "minecraft:chicken"}}}, "minecraft:desert_hills": {"trigger": "minecraft:location", "conditions": {"location": {"biome": "minecraft:desert_hills"}}}, "deflected_projectile": {"trigger": "minecraft:entity_hurt_player", "conditions": {"damage": {"type": {"is_projectile": true}, "blocked": true}}}, "silk_touch_nest": {"trigger": "minecraft:bee_nest_destroyed", "conditions": {"block": "minecraft:bee_nest", "item": {"enchantments": [{"enchantment": "minecraft:silk_touch", "levels": {"min": 1}}]}, "num_bees_inside": 3}}, "diamond_chestplate": {"trigger": "minecraft:inventory_changed", "conditions": {"items": [{"item": "minecraft:diamond_chestplate"}]}}, "minecraft:sheep": {"trigger": "minecraft:bred_animals", "conditions": {"child": [{"condition": "minecraft:entity_properties", "predicate": {"type": "minecraft:sheep"}, "entity": "this"}]}}, "cured_zombie": {"trigger": "minecraft:cured_zombie_villager", "conditions": {}}, "minecraft:magma_cube": {"trigger": "minecraft:player_killed_entity", "conditions": {"entity": [{"condition": "minecraft:entity_properties", "predicate": {"type": "minecraft:magma_cube"}, "entity": "this"}]}}, "rabbit_stew": {"trigger": "minecraft:consume_item", "conditions": {"item": {"item": "minecraft:rabbit_stew"}}}, "get_stone": {"trigger": "minecraft:inventory_changed", "conditions": {"items": [{"tag": "minecraft:stone_tool_materials"}]}}, "minecraft:forest": {"trigger": "minecraft:location", "conditions": {"location": {"biome": "minecraft:forest"}}}, "loot_bastion_bridge": {"trigger": "minecraft:player_generates_container_loot", "conditions": {"loot_table": "minecraft:chests/bastion_bridge"}}, "minecraft:mushroom_fields": {"trigger": "minecraft:location", "conditions": {"location": {"biome": "minecraft:mushroom_fields"}}}, "iron_chestplate": {"trigger": "minecraft:inventory_changed", "conditions": {"items": [{"item": "minecraft:iron_chestplate"}]}}, "minecraft:savanna": {"trigger": "minecraft:location", "conditions": {"location": {"biome": "minecraft:savanna"}}}, "kill_pillager": {"trigger": "minecraft:killed_by_crossbow", "conditions": {"victims": [[{"condition": "minecraft:entity_properties", "predicate": {"type": "minecraft:pillager"}, "entity": "this"}]]}}, "iron": {"trigger": "minecraft:inventory_changed", "conditions": {"items": [{"item": "minecraft:iron_ingot"}]}}, "minecraft:shulker": {"trigger": "minecraft:player_killed_entity", "conditions": {"entity": [{"condition": "minecraft:entity_properties", "predicate": {"type": "minecraft:shulker"}, "entity": "this"}]}}, "minecraft:mountains": {"trigger": "minecraft:location", "conditions": {"location": {"biome": "minecraft:mountains"}}}, "arbalistic": {"trigger": "minecraft:killed_by_crossbow", "conditions": {"unique_entity_types": 5}}, "textures/entity/cat/jellie.png": {"trigger": "minecraft:tame_animal", "conditions": {"entity": [{"condition": "minecraft:entity_properties", "predicate": {"catType": "minecraft:textures/entity/cat/jellie.png"}, "entity": "this"}]}}, "entered_end_gateway": {"trigger": "minecraft:enter_block", "conditions": {"block": "minecraft:end_gateway"}}, "loot_bastion_treasure": {"trigger": "minecraft:player_generates_container_loot", "conditions": {"loot_table": "minecraft:chests/bastion_treasure"}}, "killed_something": {"trigger": "minecraft:player_killed_entity", "conditions": {}}, "enchanted_golden_apple": {"trigger": "minecraft:consume_item", "conditions": {"item": {"item": "minecraft:enchanted_golden_apple"}}}, "minecraft:lukewarm_ocean": {"trigger": "minecraft:location", "conditions": {"location": {"biome": "minecraft:lukewarm_ocean"}}}, "crafting_table": {"trigger": "minecraft:inventory_changed", "conditions": {"items": [{"item": "minecraft:crafting_table"}]}}, "killed_skeleton": {"trigger": "minecraft:player_killed_entity", "conditions": {"entity": [{"condition": "minecraft:entity_properties", "predicate": {"type": "minecraft:skeleton", "distance": {"horizontal": {"min": 50.0}}}, "entity": "this"}], "killing_blow": {"is_projectile": true}}}, "minecraft:enderman": {"trigger": "minecraft:player_killed_entity", "conditions": {"entity": [{"condition": "minecraft:entity_properties", "predicate": {"type": "minecraft:enderman"}, "entity": "this"}]}}, "minecraft:turtle": {"trigger": "minecraft:bred_animals", "conditions": {"parent": [{"condition": "minecraft:entity_properties", "predicate": {"type": "minecraft:turtle"}, "entity": "this"}], "partner": [{"condition": "minecraft:entity_properties", "predicate": {"type": "minecraft:turtle"}, "entity": "this"}]}}}, "rewards": {}}