{"parent": "minecraft:husbandry/plant_seed", "display": {"icon": {"item": "minecraft:ender_pearl"}, "title": {"translate": "advancements.story.mine_stone.title"}, "description": {"text": "item:{'item': 'minecraft:suspicious_stew'}, entity:drowned, entity:drowned, entity:drowned, biome:minecraft:warped_forest, biome:minecraft:warped_forest, biome:minecraft:snowy_mountains, biome:minecraft:snowy_mountains, child:[{'condition': 'minecraft:entity_properties', 'predicate': {'type': 'minecraft:horse'}, 'entity': 'this'}], to:minecraft:the_end, biome:minecraft:taiga_hills, biome:minecraft:taiga_hills, cat:siamese, item:{'item': 'minecraft:carrot'}, entity:skeleton, entity:skeleton, entity:skeleton, entity:vindicator, entity:vindicator, entity:vindicator, biome:minecraft:desert, biome:minecraft:desert, entity:silverfish, entity:silverfish, entity:silverfish, child:[{'condition': 'minecraft:entity_properties', 'predicate': {'type': 'minecraft:panda'}, 'entity': 'this'}], item:{'item': 'minecraft:mutton'}, item:{'item': 'minecraft:pufferfish'}, item:{'item': 'minecraft:dried_kelp'}, item:{'item': 'minecraft:sweet_berries'}, biome:minecraft:deep_frozen_ocean, biome:minecraft:deep_frozen_ocean, entity:cave_spider, entity:cave_spider, entity:cave_spider, damage:damage:is_projectile=True+direct_entity=#arrows, entity_killed_player, item:{'item': 'minecraft:mushroom_stew'}, biome:minecraft:giant_tree_taiga_hills, biome:minecraft:giant_tree_taiga_hills, signal_strength:15, projectile:[{'condition': 'minecraft:entity_properties', 'predicate': {'distance': {'horizontal': {'min': 30.0}}}, 'entity': 'this'}], biome:minecraft:beach, biome:minecraft:beach, child:[{'condition': 'minecraft:entity_properties', 'predicate': {'type': 'minecraft:chicken'}, 'entity': 'this'}], biome:minecraft:bamboo_jungle, biome:minecraft:bamboo_jungle, item:{'item': 'minecraft:totem_of_undying'}, entity:elder_guardian, entity:elder_guardian, entity:elder_guardian, feature:bastion_remnant, feature:bastion_remnant"}, "frame": "task", "show_toast": true, "announce_to_chat": true, "hidden": false}, "rewards": {"experience": 100}, "criteria": {"suspicious_stew": {"trigger": "minecraft:consume_item", "conditions": {"item": {"item": "minecraft:suspicious_stew"}}}, "minecraft:drowned": {"trigger": "minecraft:player_killed_entity", "conditions": {"entity": [{"condition": "minecraft:entity_properties", "predicate": {"type": "minecraft:drowned"}, "entity": "this"}]}}, "minecraft:warped_forest": {"trigger": "minecraft:location", "conditions": {"location": {"biome": "minecraft:warped_forest"}}}, "minecraft:snowy_mountains": {"trigger": "minecraft:location", "conditions": {"location": {"biome": "minecraft:snowy_mountains"}}}, "minecraft:horse": {"trigger": "minecraft:bred_animals", "conditions": {"child": [{"condition": "minecraft:entity_properties", "predicate": {"type": "minecraft:horse"}, "entity": "this"}]}}, "entered_end": {"trigger": "minecraft:changed_dimension", "conditions": {"to": "minecraft:the_end"}}, "minecraft:taiga_hills": {"trigger": "minecraft:location", "conditions": {"location": {"biome": "minecraft:taiga_hills"}}}, "textures/entity/cat/siamese.png": {"trigger": "minecraft:tame_animal", "conditions": {"entity": [{"condition": "minecraft:entity_properties", "predicate": {"catType": "minecraft:textures/entity/cat/siamese.png"}, "entity": "this"}]}}, "carrot": {"trigger": "minecraft:consume_item", "conditions": {"item": {"item": "minecraft:carrot"}}}, "minecraft:skeleton": {"trigger": "minecraft:player_killed_entity", "conditions": {"entity": [{"condition": "minecraft:entity_properties", "predicate": {"type": "minecraft:skeleton"}, "entity": "this"}]}}, "minecraft:vindicator": {"trigger": "minecraft:player_killed_entity", "conditions": {"entity": [{"condition": "minecraft:entity_properties", "predicate": {"type": "minecraft:vindicator"}, "entity": "this"}]}}, "minecraft:desert": {"trigger": "minecraft:location", "conditions": {"location": {"biome": "minecraft:desert"}}}, "minecraft:silverfish": {"trigger": "minecraft:player_killed_entity", "conditions": {"entity": [{"condition": "minecraft:entity_properties", "predicate": {"type": "minecraft:silverfish"}, "entity": "this"}]}}, "minecraft:panda": {"trigger": "minecraft:bred_animals", "conditions": {"child": [{"condition": "minecraft:entity_properties", "predicate": {"type": "minecraft:panda"}, "entity": "this"}]}}, "mutton": {"trigger": "minecraft:consume_item", "conditions": {"item": {"item": "minecraft:mutton"}}}, "pufferfish": {"trigger": "minecraft:consume_item", "conditions": {"item": {"item": "minecraft:pufferfish"}}}, "dried_kelp": {"trigger": "minecraft:consume_item", "conditions": {"item": {"item": "minecraft:dried_kelp"}}}, "ancient_debris": {"trigger": "minecraft:inventory_changed", "conditions": {"items": [{"item": "minecraft:ancient_debris"}]}}, "sweet_berries": {"trigger": "minecraft:consume_item", "conditions": {"item": {"item": "minecraft:sweet_berries"}}}, "minecraft:deep_frozen_ocean": {"trigger": "minecraft:location", "conditions": {"location": {"biome": "minecraft:deep_frozen_ocean"}}}, "minecraft:cave_spider": {"trigger": "minecraft:player_killed_entity", "conditions": {"entity": [{"condition": "minecraft:entity_properties", "predicate": {"type": "minecraft:cave_spider"}, "entity": "this"}]}}, "shot_arrow": {"trigger": "minecraft:player_hurt_entity", "conditions": {"damage": {"type": {"is_projectile": true, "direct_entity": {"type": "#minecraft:arrows"}}}}}, "killed_by_something": {"trigger": "minecraft:entity_killed_player", "conditions": {}}, "mushroom_stew": {"trigger": "minecraft:consume_item", "conditions": {"item": {"item": "minecraft:mushroom_stew"}}}, "minecraft:giant_tree_taiga_hills": {"trigger": "minecraft:location", "conditions": {"location": {"biome": "minecraft:giant_tree_taiga_hills"}}}, "bullseye": {"trigger": "minecraft:target_hit", "conditions": {"signal_strength": 15, "projectile": [{"condition": "minecraft:entity_properties", "predicate": {"distance": {"horizontal": {"min": 30.0}}}, "entity": "this"}]}}, "minecraft:beach": {"trigger": "minecraft:location", "conditions": {"location": {"biome": "minecraft:beach"}}}, "minecraft:chicken": {"trigger": "minecraft:bred_animals", "conditions": {"child": [{"condition": "minecraft:entity_properties", "predicate": {"type": "minecraft:chicken"}, "entity": "this"}]}}, "minecraft:bamboo_jungle": {"trigger": "minecraft:location", "conditions": {"location": {"biome": "minecraft:bamboo_jungle"}}}, "used_totem": {"trigger": "minecraft:used_totem", "conditions": {"item": {"item": "minecraft:totem_of_undying"}}}, "minecraft:elder_guardian": {"trigger": "minecraft:player_killed_entity", "conditions": {"entity": [{"condition": "minecraft:entity_properties", "predicate": {"type": "minecraft:elder_guardian"}, "entity": "this"}]}}, "bastion": {"trigger": "minecraft:location", "conditions": {"location": {"feature": "bastion_remnant"}}}, "iron_pickaxe": {"trigger": "minecraft:inventory_changed", "conditions": {"items": [{"item": "minecraft:iron_pickaxe"}]}}}}