{"parent": "minecraft:husbandry/breed_an_animal", "display": {"icon": {"item": "minecraft:warped_fungus_on_a_stick", "nbt": "{Damage:0}"}, "title": {"translate": "advancements.adventure.kill_a_mob.title"}, "description": {"text": "entity:iron_golem, entity:iron_golem, entity:iron_golem"}, "frame": "challenge", "show_toast": true, "announce_to_chat": true, "hidden": false}, "rewards": {}, "criteria": {"summoned_golem": {"trigger": "minecraft:summoned_entity", "conditions": {"entity": [{"condition": "minecraft:entity_properties", "predicate": {"type": "minecraft:iron_golem"}, "entity": "this"}]}}}}