{"parent": "minecraft:husbandry/root", "display": {"icon": {"item": "minecraft:blaze_rod"}, "title": {"translate": "advancements.adventure.voluntary_exile.title"}, "description": {"text": "entity:zoglin, entity:zoglin, entity:zoglin"}, "frame": "task", "show_toast": true, "announce_to_chat": true, "hidden": false}, "criteria": {"minecraft:zoglin": {"trigger": "minecraft:player_killed_entity", "conditions": {"entity": [{"condition": "minecraft:entity_properties", "predicate": {"type": "minecraft:zoglin"}, "entity": "this"}]}}}, "rewards": {"experience": 50}}