{"parent": "minecraft:husbandry/plant_seed", "display": {"icon": {"item": "minecraft:stone_pickaxe", "nbt": "{Damage:0}"}, "title": {"translate": "advancements.nether.fast_travel.title"}, "description": {"text": "child:[{'condition': 'minecraft:entity_properties', 'predicate': {'type': 'minecraft:llama'}, 'entity': 'this'}]"}, "frame": "challenge", "show_toast": true, "announce_to_chat": true, "hidden": false}, "rewards": {}, "criteria": {"minecraft:llama": {"trigger": "minecraft:bred_animals", "conditions": {"child": [{"condition": "minecraft:entity_properties", "predicate": {"type": "minecraft:llama"}, "entity": "this"}]}}}}