{"parent": "minecraft:husbandry/root", "display": {"icon": {"item": "minecraft:flint_and_steel", "nbt": "{Damage:0}"}, "title": {"translate": "advancements.end.levitate.title"}, "description": {"text": "entity:zombie, entity:zombie, entity:zombie, biome:minecraft:snowy_taiga_hills, biome:minecraft:snowy_taiga_hills, entity:ghast, entity:ghast, entity:ghast, killing_blow:damage:/is_projectile=True/direct_entity=fireball"}, "frame": "goal", "show_toast": true, "announce_to_chat": true, "hidden": false}, "criteria": {"minecraft:zombie": {"trigger": "minecraft:player_killed_entity", "conditions": {"entity": [{"condition": "minecraft:entity_properties", "predicate": {"type": "minecraft:zombie"}, "entity": "this"}]}}, "dragon_egg": {"trigger": "minecraft:inventory_changed", "conditions": {"items": [{"item": "minecraft:dragon_egg"}]}}, "minecraft:snowy_taiga_hills": {"trigger": "minecraft:location", "conditions": {"location": {"biome": "minecraft:snowy_taiga_hills"}}}, "killed_ghast": {"trigger": "minecraft:player_killed_entity", "conditions": {"entity": [{"condition": "minecraft:entity_properties", "predicate": {"type": "minecraft:ghast"}, "entity": "this"}], "killing_blow": {"is_projectile": true, "direct_entity": {"type": "minecraft:fireball"}}}}}, "rewards": {"experience": 100}}