{"parent": "minecraft:husbandry/root", "display": {"icon": {"item": "minecraft:iron_sword", "nbt": "{Damage:0}"}, "title": {"translate": "advancements.husbandry.tame_an_animal.title"}, "description": {"text": "smokey:True, block:['tag'], block:{'tag': 'minecraft:beehives'}, item:{'item': 'minecraft:glass_bottle'}"}, "frame": "challenge", "show_toast": true, "announce_to_chat": true, "hidden": false}, "criteria": {"safely_harvest_honey": {"trigger": "minecraft:item_used_on_block", "conditions": {"location": {"smokey": true, "block": {"tag": "minecraft:beehives"}}, "item": {"item": "minecraft:glass_bottle"}}}}, "rewards": {}}