{"parent": "minecraft:husbandry/fishy_business", "display": {"icon": {"item": "minecraft:nether_bricks"}, "title": {"translate": "advancements.nether.uneasy_alliance.title"}, "description": {"text": "biome:minecraft:snowy_tundra, biome:minecraft:snowy_tundra"}, "frame": "challenge", "show_toast": true, "announce_to_chat": true, "hidden": false}, "criteria": {"minecraft:snowy_tundra": {"trigger": "minecraft:location", "conditions": {"location": {"biome": "minecraft:snowy_tundra"}}}}, "rewards": {}}